upc,name,description,department,department_number,category,manufacturer,brand,is_active,cost,price,vendor,part_num,part_num_units,part_cost,child_upc,num_units
762446787326,TIMBERWOLF LC WNTRGRN ROLL,,,,SMOKELESS TOBACCO > TIMBERWOLF > ROLL,,,,17.3200,21.99,,,,,,
073100010934,SKOAL FC WINTERGREEN CTN,,,,SMOKELESS TOBACCO > SKOAL > SKOAL REGULAR > ROLL,,,,30.5200,32.25,,,,,,
073100010958,SKOAL LC WINTERGREEN CTN,,,,SMOKELESS TOBACCO > SKOAL > SKOAL REGULAR > ROLL,,,,30.5200,32.25,,,,,,
073100010996,SKOAL LC STRAIGHT CTN,,,,SMOKELESS TOBACCO > SKOAL > SKOAL REGULAR > ROLL,,,,30.5200,32.25,,,,,,
073100010972,SKOAL LC MINT CTN,,,,SMOKELESS TOBACCO > SKOAL > ROLL,,,,30.5200,32.25,,,,,,
073100011030,SKOAL LC CHERRY CTN,,,,SMOKELESS TOBACCO > SKOAL > SKOAL X-TRA,,,,30.5200,32.25,,,,,,
073100031670,SKOAL X-TRA POUCH WINTERGREEN BLEND CTN,,,,SMOKELESS TOBACCO > SKOAL > SKOAL X-TRA,,,,30.5200,29.75,,,,,,
073100031687,SKOAL X-TRA POUCH MINT BLEND CTN,,,,SMOKELESS TOBACCO > SKOAL > SKOAL X-TRA,,,,30.5200,32.25,,,,,,
073100031700,SKOAL X-TRA LC WINTERGREEN BLEND 1.2 OZ CTN,,,,SMOKELESS TOBACCO > SKOAL > SKOAL X-TRA,,,,30.5200,32.25,,,,,,
073100031724,SKOAL X-TRA LC MINT BLEND 1.2 OZ CTN,,,,SMOKELESS TOBACCO > SKOAL > SKOAL X-TRA,,,,30.5200,32.25,,,,,,
073100014789,SKOAL WINTERGREEN POUCHES CTN,,,,SMOKELESS TOBACCO > SKOAL > SKOAL REGULAR > ROLL,,,,30.5200,32.25,,,,,,
073100021947,HUSKY FC NATURAL 1.2 OZ CTN,,,,SMOKELESS TOBACCO > HUSKY > ROLL,,,,12.8700,13.49,,,,,,
073100030277,HUSKY LC STRGHT ROLL,,,,SMOKELESS TOBACCO > HUSKY > ROLL,,,,12.8700,13.49,,,,,,
073100021961,HUSKY LC WINTERGREEN 1.2 OZ CTN,,,,SMOKELESS TOBACCO > HUSKY > ROLL,,,,12.8700,13.49,,,,,,
073100019081,SKOAL APPLE POUCHES ROLL,,,,SMOKELESS TOBACCO > SKOAL > SKOAL X-TRA,,,,30.5200,29.75,,,,,,
073100019067,SKOAL LC PEACH CTN,,,,SMOKELESS TOBACCO > SKOAL > SKOAL X-TRA,,,,30.5200,32.25,,,,,,
073100012853,SKOAL LC APPLE BLEND CTN,,,,SMOKELESS TOBACCO > SKOAL > SKOAL X-TRA,,,,30.5200,32.25,,,,,,
073100011054,SKOAL LC SPEARMINT CTN,,,,SMOKELESS TOBACCO > SKOAL > SKOAL X-TRA,,,,30.5200,29.75,,,,,,
073100001345,W.B. CUT CTN,,,,PLUG TOBACCO > CIGAR CARTONS,,,,36.8800,38.7,,,,,,
073100090899,SKOAL COOL SPEARMINT,,,,SMOKELESS TOBACCO > SKOAL > SKOAL X-TRA,,,,30.5200,29.75,,,,,,
073100014802,SKOAL LC BERRY BLEND CTN,,,,SMOKELESS TOBACCO > SKOAL > SKOAL X-TRA,,,,30.5200,29.75,,,,,,
073100016783,SKOAL BERRY BLEND POUCHES ROLL,,,,SMOKELESS TOBACCO > SKOAL > SKOAL X-TRA,,,,30.5200,29.75,,,,,,
073100011955,SKOAL BANDIT MINT CTN,,,,SMOKELESS TOBACCO > SKOAL > SKOAL BANDITS,,,,30.5200,32.99,,,,,,
073100023620,SKOAL STRAIGHT POUCH CTN,,,,SMOKELESS TOBACCO > SKOAL > ROLL,,,,30.5200,29,,,,,,
073100011948,SKOAL BANDIT WINTERGREEN CTN,,,,SMOKELESS TOBACCO > SKOAL > SKOAL BANDITS,,,,30.5200,33.59,,,,,,
073100011887,RED SEAL FC WINTERGREEN CTN,,,,SMOKELESS TOBACCO > RED SEAL > ROLL,,,,24.2100,26.75,,,,,,
073100022142,SKOAL LC CITRUS BLEND 1.2 OZ CTN,,,,SMOKELESS TOBACCO > SKOAL > ROLL,,,,30.5200,29,,,,,,
073100022159,SKOAL CITRUS POUCHES,,,,SMOKELESS TOBACCO > SKOAL > ROLL,,,,30.5200,17.95,,,,,,
073100011856,SKOAL MINT POUCH CTN,,,,SMOKELESS TOBACCO > SKOAL > SKOAL REGULAR > ROLL,,,,30.5200,32.25,,,,,,
073100011849,RED SEAL LC MINT CTN,,,,SMOKELESS TOBACCO > RED SEAL > ROLL,,,,24.2100,26.75,,,,,,
073100011818,RED SEAL LC NATURAL CTN,,,,SMOKELESS TOBACCO > RED SEAL > ROLL,,,,24.2100,26.75,,,,,,
073100010668,RED SEAL FC NATURAL CTN,,,,SMOKELESS TOBACCO > RED SEAL > ROLL,,,,24.2100,26.75,,,,,,
073100010651,RED SEAL LC WINTERGREEN CTN,,,,SMOKELESS TOBACCO > RED SEAL > ROLL,,,,24.2100,26.75,,,,,,
073100011283,RED SEAL LC STRAIGHT CTN,,,,SMOKELESS TOBACCO > RED SEAL > ROLL,,,,24.2100,26.75,,,,,,
073100010897,COPENHAGEN FC ORIGINAL CTN,,,,SMOKELESS TOBACCO > COPENHAGEN > COPENHAGAN REGULAR,,,,29.6700,33,,,,,,
073100025891,COPENHAGEN LC WINTERGREEN CTN,,,,SMOKELESS TOBACCO > COPENHAGEN > COPENHAGEN WINT / MINT > COPENHAGEN ROLL,,,,25.7200,28.5,,,,,,
073100014772,COPENHAGEN POUCHES CTN,,,,SMOKELESS TOBACCO > COPENHAGEN > COPENHAGAN REGULAR,,,,29.6700,33,,,,,,
073100014611,COPENHAGEN LC CTN,,,,SMOKELESS TOBACCO > COPENHAGEN > COPENHAGAN REGULAR,,,,29.6700,33,,,,,,
073100030550,COPENHAGEN POUCH WINTERGREEN CTN,,,,SMOKELESS TOBACCO > COPENHAGEN > COPENHAGEN WINT / MINT > COPENHAGEN ROLL,,,,25.7200,28.5,,,,,,
073100025952,COPENHAGEN LC STRAIGHT CTN,,,,SMOKELESS TOBACCO > COPENHAGEN > COPENHAGEN WINT / MINT > COPENHAGEN ROLL,,,,25.7200,28.5,,,,,,
073100029622,COPENHAGEN FINE CUT WINTERGREEN,,,,SMOKELESS TOBACCO > COPENHAGEN > COPENHAGAN REGULAR,,,,29.6700,33,,,,,,
073100025976,COPENHAGEN EXTRA LC NATURAL CTN,,,,SMOKELESS TOBACCO > COPENHAGEN > COPENHAGEN WINT / MINT > COPENHAGEN ROLL,,,,25.7200,28.5,,,,,,
073100032837,COPENHAGEN SOUTHRN BLND LC ROLL,,,,SMOKELESS TOBACCO > COPENHAGEN > COPENHAGAN SOUTHEN BLEND > COPENHAGEN SOUTHERN BLEND CAN > COPENHAGEN SOUTHERN BLEND ROLL,,,,29.6700,33,,,,,,
073100030086,COPENHAGEN SMOOTH WINTERGREEN LG ROLL,,,,SMOKELESS TOBACCO > COPENHAGEN > COPENHAGEN WINT / MINT > COPENHAGEN ROLL,,,,25.7200,28.5,,,,,,
073100030369,COPENHAGEN LC MINT,,,,SMOKELESS TOBACCO > COPENHAGEN > COPENHAGEN WINT / MINT > COPENHAGEN ROLL,,,,25.7200,28.5,,,,,,
073100030390,COPENHAGEN MINT POUCH CTN,,,,SMOKELESS TOBACCO > COPENHAGEN > COPENHAGEN WINT / MINT > COPENHAGEN ROLL,,,,25.7200,28.5,,,,,,
073100027215,COPENHAGEN WINTERGREEN PACKS,,,,SMOKELESS TOBACCO > COPENHAGEN > COPENHAGEN WINT / MINT > COPENHAGEN ROLL,,,,25.7200,28.5,,,,,,
073100030031,COPENHAGEN LG BLACK ROLL,,,,SMOKELESS TOBACCO > COPENHAGEN > COPENHAGAN REGULAR,,,,29.6700,33,,,,,,
073100026027,SKOAL SNUS MINT TINS 15 CT CTN,,,,SNUS > SKOAL > ROLL,,,,27.0600,30.29,,,,,,
073100026041,SKOAL SNUS SMOOTH MINT TINS 15 CT CTN,,,,SNUS > SKOAL > ROLL,,,,27.0600,30.29,,,,,,
025900491109,SANTA FE FILTERED CIGARS MILD 10/20 CTN,,,,LITTLE CIGARS > SANTA FE > CIGAR CARTONS,,,,16.8400,20.99,,,,,,
025900491000,SANTA FE FILTERED CIGARS ORIG 10/20 CTN,,,,LITTLE CIGARS > SANTA FE > CIGAR CARTONS,,,,16.8400,20.99,,,,,,
025900285937,SWISH LIL CIGAR GRAPE 10/20 CTN,,,,LITTLE CIGARS > SWISHER > CIGAR CARTONS,,,,46.0600,42.99,,,,,,
025900282714,SWISH LIL CIGAR ORIGINAL 10/20 CTN,,,,LITTLE CIGARS > SWISHER > CIGAR CARTONS,,,,46.0600,42.99,,,,,,
025900282813,SWISH LIL CIGAR MILD 10/20 CTN,,,,LITTLE CIGARS > SWISHER > CIGAR CARTONS,,,,46.0600,42.99,,,,,,
025900405595,SWISHER FILTER CIGARS SLIDE ORIG 10/16 CTN,,,,LITTLE CIGARS > SWISHER > CIGAR CARTONS,,,,25.2700,28.49,,,,,,
025900282790,SWISH LIL CIGAR MENTHOL 10/20 CTN,,,,LITTLE CIGARS > SWISHER > CIGAR CARTONS,,,,46.0600,40.99,,,,,,
025900283209,SWISH LIL CIGAR CHERRY 10/20 CTN,,,,LITTLE CIGARS > SWISHER > CIGAR CARTONS,,,,46.0600,42.99,,,,,,
025900287689,BLACKSTONE FILTERED CIGARS VANILLA 10/20 CTN,,,,LITTLE CIGARS > BLACKSTONE > CIGAR CARTONS,,,,16.8400,20.99,,,,,,
025900287627,BLACKSTONE FILTERED CIGARS CHERRY 10/20 CTN,,,,LITTLE CIGARS > BLACKSTONE > CIGAR CARTONS,,,,16.8400,20.99,,,,,,
025900301347,KING ED FILTERED CIGARS REG 10/20 CTN,,,,LITTLE CIGARS > KIND EDWARD > CIGAR CARTONS,,,,16.8400,20.99,,,,,,
025900301323,KING ED FILTERED CIGARS MENTHOL 10/20 CTN,,,,LITTLE CIGARS > KIND EDWARD > CIGAR CARTONS,,,,16.8400,20.99,,,,,,
025900325206,SWISH LIL CIGAR RED BX 10/20 CTN,,,,LITTLE CIGARS > SWISHER > CIGAR CARTONS,,,,41.3400,35.49,,,,,,
025900325220,SWISH LIL CIGAR MENTHOL BX 10/20 CTN,,,,LITTLE CIGARS > SWISHER > CIGAR CARTONS,,,,41.3400,35.49,,,,,,
025900277215,SWISH GIANT 5-PK 10 CT BOX,,,,CIGARS PACK > SWISHER > CIGAR PACKS,,,,40.7900,49.99,,,,,,
025900294304,SWISH BLUNT ORIGINAL B1G1,,,,CIGARS PACK > SWISHER > CIGAR CARTONS,,,,67.1800,58.9,,,,,,
025900277161,SWISH PERFECTO 5-PK 10 CT BOX,,,,CIGARS PACK > SWISHER > CIGAR CARTONS,,,,40.2000,49.99,,,,,,
025900286743,SWISHER CIGARILLOS TWIN PACK BOX,,,,CIGARS PACK > SWISHER > CIG CARTONS,,,,49.5400,44,,,,,,
025900297015,SWISH SWT CIGARILLO GRAP 5F3 CT,,,,CIGARS PACK > SWISHER > CIGAR CARTONS,,,,40.3300,49.79,,,,,,
025900293307,BLACKSTONE TIP CIG VANILL CTN,,,,CIGARS PACK > BLACKSTONE > CIGAR CARTONS,,,,59.9100,52.79,,,,,,
025900293345,BLACKSTONE TIP CIGAR CHERRY CTN,,,,CIGARS PACK > BLACKSTONE > CIGAR CARTONS,,,,59.9100,52.79,,,,,,
025900286040,SWISHER SWEETS MINI TWIN PACK BOX,,,,CIGARS PACK > SWISHER > CIGAR PACKS,,,,56.6900,54.9,,,,,,
025900277178,SWISH SLIMS 5 PK BOX,,,,CIGARS PACK > SWISHER > CIGAR CARTONS,,,,39.6000,44.99,,,,,,
025900277154,SWISH WOOD TIPS 5 PACK BOX,,,,CIGARS PACK > SWISHER > CIGAR CARTONS,,,,40.2000,46.9,,,,,,
025900240929,SWISH MINI CIGARILL ISLAN,,,,CIGARS SINGLES > SWISHER > PROMO SINGLE,,,,21.2700,30.72,,,,,,
025900287481,SWISH CIGARILLO GRAPE NP,,,,CIGARS SINGLES > SWISHER > CIGAR CARTONS,,,,33.1900,42.63,,,,,,
025900287474,SWISH CIGARILLO BLUEBERRY,,,,CIGARS SINGLES > SWISHER > CIGAR CARTONS,,,,33.1900,42.63,,,,,,
025900278854,SWISH CIGARILLO PEACH NP,,,,CIGARS PACK > SWISHER > CIGAR PACKS,,,,33.1900,42.63,,,,,,
025900278847,SWISH CIGARILLO WHITE GRA,,,,CIGARS PACK > SWISHER > CIGAR PACKS,,,,33.1900,42.63,,,,,,
025900278830,SWISH CIGARILLO BLACK NP,,,,CIGARS SINGLES > SWISHER > BOX,,,,33.1900,42.63,,,,,,
025900278861,SWISH CIGARILLO STRAWBERR,,,,CIGARS PACK > SWISHER > CIGAR PACKS,,,,33.1900,43.5,,,,,,
025900453398,SWISH CIGARILLO WILD RUSH,,,,CIGARS PACK > SWISHER,,,,33.1900,40.5,,,,,,
025900240790,SWISH MINI CIGARILLO DIAM,,,,LITTLE CIGARS > SWISHER,,,,21.2700,33.75,,,,,,
025900240813,SWISH MINI CIGARILLO 3F2 GRP,,,,CIGARS SINGLES > SWISHER > PROMO SINGLE,,,,21.2700,30.13,,,,,,
025900240806,SWISH MINI CIGARILLO 3F2 SWT,,,,CIGARS SINGLES > SWISHER > PROMO BX,,,,21.2700,22.35,,,,,,
025900277239,SWISH TIP CIGARILLO ORIG,,,,CIGARS PACK > SWISHER > CIGAR CARTONS,,,,28.2400,25.49,,,,,,
025900294236,SWISH CIGARILLO ORIG 2/.9,,,,CIGARS PACK > SWISHER > CIGAR PACKS,,,,20.7500,29.11,,,,,,
025900294212,SWISH CIGARILLO GRAPE 2/.,,,,CIGARS SINGLES > SWISHER > SINGLE,,,,20.7500,0,,,,,,
025900294229,SWISH CIGARILLO BLUEBERRY,,,,CIGARS SINGLES > SWISHER > SINGLE,,,,20.7500,0,,,,,,
025900294250,SWISH CIGARILLO STRAWBERR,,,,CIGARS SINGLES > SWISHER > SINGLE,,,,20.7500,0,,,,,,
025900297404,SWISH BLK TIP CIGARILLO C,,,,CIGARS SINGLES > SWISHER > SINGLE,,,,10.3800,0,,,,,,
025900297411,SWISH BLK TIP CIGARILLO S,,,,CIGARS SINGLES > SWISHER > SINGLE,,,,10.3800,0,,,,,,
028200324313,MARLBORO M SLATE 100 BX,,,,CIGARETTES > PM > MARLBORO BLACK > CIG CARTONS,,,,75.2300,0,,,,,,
028200324214,MARLBORO M SLATE 85 BX,,,,CIGARETTES > PM > MARLBORO BLACK > CIG CARTONS,,,,75.2300,0,,,,,,
028200161307,MARLBORO MIDNIGHT M 85,,,,CIGARETTES > PM > MARLBORO BLACK > CIG CARTONS,,,,75.2300,0,,,,,,
028200331311,MARLBORO BOLD ICE CTN,,,,CIGARETTES > PM > MARLBORO MENTHOL > Bold Ice CTN,,,,83.2300,0,,,,,,
028200126405,MARLBORO BLEND 27 85 BX FSC CTN,,,,CIGARETTES > PM > MARLBORO > CIG CARTONS,,,,79.7300,0,,,,,,
028200318510,MARLBORO EIGHTY THREES BX CTN,,,,CIGARETTES > PM > MARLBORO > CIG CARTONS,,,,79.7300,0,,,,,,
028200137609,MARLBORO M 85 BX BLUE (MLD) FSC CTN,,,,CIGARETTES > PM > MARLBORO > CIG CARTONS,,,,83.2300,0,,,,,,
028200196200,MARLBORO M 72 BX GREEN FSC CTN,,,,CIGARETTES > PM > MARLBORO72'S > CIG CARTONS,,,,83.2300,0,,,,,,
028200132307,MARLBORO SMOOTH M 85 BX FSC CTN,,,,CIGARETTES > PM > MARLBORO > CIG CARTONS,,,,83.2300,0,,,,,,
028200196309,MARLBORO 72 BX (FF) FSC CTN,,,,CIGARETTES > PM > MARLBORO72'S > CIG CARTONS,,,,79.7300,0,,,,,,
028200196507,MARLBORO 72 BX GOLD (LT) FSC CTN,,,,CIGARETTES > PM > MARLBORO72'S > CIG CARTONS,,,,79.7300,0,,,,,,
028200317711,MARLBORO NXT 85 BX,,,,CIGARETTES > PM > MARLBORO BLACK > CIG CARTONS,,,,75.2300,0,,,,,,
028200138606,MARLBORO 72 BX SILVER (ULT) FSC CTN,,,,CIGARETTES > PM > MARLBORO72'S > CIG CARTONS,,,,79.7300,0,,,,,,
028200142207,MARLBORO SPECIAL BLEND GOLD 85 BX CTN,,,,CIGARETTES > PM > MARLBOROSPECIAL SELECT > CIG CARTONS,,,,79.7300,0,,,,,,
028200156501,MARLBORO SPECIAL BLEND RED 85 BX CTN,,,,CIGARETTES > PM > MARLBOROSPECIAL SELECT > CIG CARTONS,,,,79.7300,0,,,,,,
028200195401,MARLBORO SP BL M BLK 85 BX CTN,,,,CIGARETTES > PM > MARLBORO BLACK > CIG CARTONS,,,,75.2300,0,,,,,,
028200195203,MARLBORO SPECIAL BLEND BLACK 85 BX CTN,,,,CIGARETTES > PM > MARLBORO BLACK > CIG CARTONS,,,,75.2300,0,,,,,,
028200148100,MARLBORO M 85 BX SILVER (ULT) FSC CTN,,,,CIGARETTES > PM > MARLBORO > CIG CARTONS,,,,83.2300,0,,,,,,
028200135704,MARLBORO 85 BX FSC CTN,,,,CIGARETTES > PM > MARLBORO > CIG CARTONS,,,,79.7300,0,,,,,,
028200136800,MARLBORO (MED) 85 RED BX FSC CTN,,,,CIGARETTES > PM > MARLBORO > CIG CARTONS,,,,79.7300,0,,,,,,
028200138408,MARLBORO 85 BX GOLD (LT) FSC CTN,,,,CIGARETTES > PM > MARLBORO > CIG CARTONS,,,,79.7300,0,,,,,,
028200147707,MARLBORO 85 BX SILVER (ULT) FSC CTN,,,,CIGARETTES > PM > MARLBORO > CIG CARTONS,,,,79.7300,0,,,,,,
028200136107,MARLBORO M 85 BX FSC CTN,,,,CIGARETTES > PM > MARLBORO > CIG CARTONS,,,,83.2300,0,,,,,,
028200140104,MARLBORO M 85 BX GOLD (LT) FSC CTN,,,,CIGARETTES > PM > MARLBORO > CIG CARTONS,,,,83.2300,0,,,,,,
028200135803,MARLBORO 85 FSC CTN,,,,CIGARETTES > PM > MARLBORO > CIG CARTONS,,,,79.7300,0,,,,,,
028200142405,MARLBORO SOUTHERN CUT 8 5,,,,CIGARETTES > PM > MARLBORO > CIG CARTONS,,,,79.7300,0,,,,,,
028200301710,MERIT 85 BX BLUE (ULT),,,,CIGARETTES > PM > PMP > CIG CARTONS,,,,106.7400,110.75,,,,,,
028200179203,PARLIAMENT 85 BX BLUE (FF) FSC CTN,,,,CIGARETTES > PM > PARLIAMENT > CIG CARTONS,,,,94.5800,79.5,,,,,,
028200178404,PARLIAMENT 85 BX WHITE (LT) FSC CTN,,,,CIGARETTES > PM > PARLIAMENT > CIG CARTONS,,,,94.5800,79.5,,,,,,
028200193506,MARLBORO BLACK M 72 BX CTN,,,,CIGARETTES > PM > MARLBORO72'S > CIG CARTONS,,,,83.2300,0,,,,,,
028200172266,B&H 100 BX FSC CTN,,,,CIGARETTES > PM > PMP > CIG CARTONS,,,,106.7400,110.75,,,,,,
028200584618,MARLBOROSP BL BLK 100 BX $5 OF,,,,CIGARETTES > PM > MARLBORO > CIG CARTONS,,,,70.2300,0,,,,,,
028200584816,MARLBORO SP BL M BLK100 $5 OF,,,,CIGARETTES > PM > MARLBORO > CIG CARTONS,,,,70.2300,0,,,,,,
028200194800,MARLBORO BLEND 27 100 BX CTN,,,,CIGARETTES > PM > MARLBORO > CIG CARTONS,,,,79.7300,0,,,,,,
028200172907,B&H 100 BX DELUXE (ULT) FSC CTN,,,,CIGARETTES > PM > PMP > CIG CARTONS,,,,106.7400,110.75,,,,,,
028200137708,MARLBORO M 100 BX BLUE (MLD) FSC CTN,,,,CIGARETTES > PM > MARLBORO > CIG CARTONS,,,,83.2300,0,,,,,,
028200142306,MARLBORO SPECIAL BLEND GOLD 100 BX CTN,,,,CIGARETTES > PM > MARLBOROSPECIAL SELECT > CIG CARTONS,,,,79.7300,0,,,,,,
028200156808,MARLBORO SPECIAL BLEND RED 100 BX CTN,,,,CIGARETTES > PM > MARLBOROSPECIAL SELECT > CIG CARTONS,,,,79.7300,0,,,,,,
028200196408,MARLBORO SP BL MEN BLK BC 100 C,,,,CIGARETTES > PM > MARLBORO BLACK > CIG CARTONS,,,,75.2300,0,,,,,,
028200195302,MARLBORO SPECIAL BLEND BLACK 100 BX CTN,,,,CIGARETTES > PM > MARLBORO BLACK > CIG CARTONS,,,,75.2300,0,,,,,,
028200148506,MARLBORO M 100 BX SILVER (ULT) FSC CTN,,,,CIGARETTES > PM > MARLBORO > CIG CARTONS,,,,83.2300,0,,,,,,
028200147806,MARLBORO 100 BX SILVER (ULT) FSC CTN,,,,CIGARETTES > PM > MARLBORO > CIG CARTONS,,,,79.7300,0,,,,,,
028200136404,MARLBORO M 100 BX (FF) FSC CTN,,,,CIGARETTES > PM > MARLBORO > CIG CARTONS,,,,83.2300,0,,,,,,
028200136909,MARLBORO (MED) 100 RED BX FSC CTN,,,,CIGARETTES > PM > MARLBORO > CIG CARTONS,,,,79.7300,0,,,,,,
028200136305,MARLBORO 100 BX FSC CTN,,,,CIGARETTES > PM > MARLBORO > CIG CARTONS,,,,79.7300,0,,,,,,
028200143709,MARLBORO 100 GOLD (LT) FSC CTN,,,,CIGARETTES > PM > MARLBORO > CIG CARTONS,,,,79.7300,0,,,,,,
028200147103,MARLBORO M 100 BX GOLD (LT) FSC CTN,,,,CIGARETTES > PM > MARLBORO > CIG CARTONS,,,,83.2300,0,,,,,,
028200146502,MARLBORO 100 BX GOLD (LT) FSC CTN,,,,CIGARETTES > PM > MARLBORO > CIG CARTONS,,,,79.7300,0,,,,,,
028200130303,MARLBORO SMOOTH M 100 BX FSC CTN,,,,CIGARETTES > PM > MARLBORO > CIG CARTONS,,,,83.2300,0,,,,,,
028200301413,MERIT 100 BX BLUE (ULT) CTN,,,,CIGARETTES > PM > PMP > CIG CARTONS,,,,106.7400,110.75,,,,,,
028200179104,PARLIAMENT 100 RCBX WHITE (LT) FSC CTN,,,,CIGARETTES > PM > PARLIAMENT > CIG CARTONS,,,,94.5800,79.5,,,,,,
028200177506,VIRGINIA SLIMS PP SS 100 BOX FSC CTN,,,,CIGARETTES > PM > VIRGINIA SLIMS > CIG CARTONS,,,,94.5800,97.99,,,,,,
028200198204,VIRGINIA SLIMS PP SS 100 BX GOLD (LT) CTN,,,,CIGARETTES > PM > VIRGINIA SLIMS > CIG CARTONS,,,,94.5800,97.99,,,,,,
028200177803,VIRGINIA SLIMS PP SSLM M 100 BX FSC CTN,,,,CIGARETTES > PM > VIRGINIA SLIMS > CIG CARTONS,,,,94.5800,97.99,,,,,,
028200177407,VIRGINIA SLIMS M 100 BX (FF) FSC CTN,,,,CIGARETTES > PM > VIRGINIA SLIMS > CIG CARTONS,,,,94.5800,97.99,,,,,,
028200177209,VIRGINIA SLIMS 100 BX (FF) FSC CTN,,,,CIGARETTES > PM > VIRGINIA SLIMS > CIG CARTONS,,,,94.5800,97.99,,,,,,
028200174406,VIRGINIA SLIMS M 100 BX SILVER (ULT) FSC CTN,,,,CIGARETTES > PM > VIRGINIA SLIMS > CIG CARTONS,,,,94.5800,97.99,,,,,,
028200174307,VIRGINIA SLIMS 100 BX SILVER (ULT) FSC CTN,,,,CIGARETTES > PM > VIRGINIA SLIMS > CIG CARTONS,,,,94.5800,97.99,,,,,,
028200173300,VIRGINIA SLIMS 100 BX GOLD (LT) FSC CTN,,,,CIGARETTES > PM > VIRGINIA SLIMS > CIG CARTONS,,,,94.5800,97.99,,,,,,
028200173409,VIRGINIA SLIMS M 100 BX GOLD (LT) FSC CTN,,,,CIGARETTES > PM > VIRGINIA SLIMS > CIG CARTONS,,,,94.5800,97.99,,,,,,
028200173508,VIRGINIA SLIMS 120 BX GOLD (LT) FSC CTN,,,,CIGARETTES > PM > VIRGINIA SLIMS > CIG CARTONS,,,,94.5800,97.99,,,,,,
028200195807,VIRGINIA SLIMS 120 BX SILVER (ULT) FSC CTN,,,,CIGARETTES > PM > VIRGINIA SLIMS > CIG CARTONS,,,,94.5800,97.99,,,,,,
028200173904,VIRGINIA SLIMS M 120 BX GOLD (LT) FSC CTN,,,,CIGARETTES > PM > VIRGINIA SLIMS > CIG CARTONS,,,,94.5800,97.99,,,,,,
028200195906,VIRGINIA SLIMS M 120 BX SILVER (ULT) FSC CTN,,,,CIGARETTES > PM > VIRGINIA SLIMS > CIG CARTONS,,,,94.5800,97.99,,,,,,
028200309815,L&M 85 BX (FF) FSC CTN,,,,CIGARETTES > PM > L&M > CIG CARTONS,,,,77.9700,81.5,,,,,,
028200309914,L&M 100 BX (FF) FSC CTN,,,,CIGARETTES > PM > L&M > CIG CARTONS,,,,77.9700,81.5,,,,,,
028200310019,L&M 85 BX BLUE (LT) FSC CTN,,,,CIGARETTES > PM > L&M > CIG CARTONS,,,,77.9700,81.5,,,,,,
028200310217,L&M 100 BX BLUE (LT) FSC CTN,,,,CIGARETTES > PM > L&M > CIG CARTONS,,,,77.9700,81.5,,,,,,
028200310316,L&M M 85 BX (FF) FSC CTN,,,,CIGARETTES > PM > L&M > CIG CARTONS,,,,77.9700,81.5,,,,,,
028200310415,L&M M 100 BX (FF) FSC CTN,,,,CIGARETTES > PM > L&M > CIG CARTONS,,,,77.9700,81.5,,,,,,
028200313911,L&M TURKISH BLEND 85 BX CTN,,,,CIGARETTES > PM > L&M > CIG CARTONS,,,,77.9700,81.5,,,,,,
028200314017,L&M TURKISH BLEND 100 BX CTN,,,,CIGARETTES > PM > L&M > CIG CARTONS,,,,77.9700,81.5,,,,,,
012000002304,PEPSI 2 LTR,,,,SOFT DRINKS > 2 LTR > PEPSI,,,,20.4000,3.99,,,,,,
070847811244,MONSTER E DRINK GREEN SCR,,,,SOFT DRINKS > MONSTER > 16.OZ,,,,34.5000,4.79,,,,,,
009800000555,KINDER BUENO,,,,CANDY > KINDER,,,,1.2380,1.9,,,,,,
099900625468,BABY RUTH,,,,CANDY,,,,1.2179,1.29,,,,,,
099900100873,BUTTERFINGER,,,,CANDY,,,,1.2178,1.29,,,,,,
099900908363,CRUNCH,,,,CANDY > CRUNCH,,,,1.2178,1.49,,,,,,
017082886927,JACK LINKS TERIYAKI,,,,SNACKS > JACK LINKS,,,,1.1435,1.39,,,,,,
840045201297,ROUGE MANGO 6MG,,,,SMOKELESS TOBACCO > ROGUE > CAN,,,,4.4240,4.89,,,,,,
840045200665,ROGUE PEPERMINT 3MG,,,,SMOKELESS TOBACCO > ROGUE > 3 MG,,,,4.4240,4.89,,,,,,
840045201112,ROGUE APPLE 6 MG,,,,SMOKELESS TOBACCO > ROGUE > CAN,,,,4.4240,4.89,,,,,,
840045200696,ROUGE PEPERMINT 6MG,,,,SMOKELESS TOBACCO > ROGUE > CAN,,,,4.4240,4.89,,,,,,
840045200849,ROGUE SPEARMINT 3MG,,,,SMOKELESS TOBACCO > ROGUE > 3 MG,,,,4.4240,4.89,,,,,,
840045201143,ROGUE HONEY LEMON 3 MG,,,,SMOKELESS TOBACCO > ROGUE > 3 MG,,,,4.4240,4.89,,,,,,
840045200900,ROGUE CINNAMON 3 MG,,,,SMOKELESS TOBACCO > ROGUE > 3 MG,,,,4.4240,4.89,,,,,,
840045201082,ROGUE APPLE 3 MG,,,,SMOKELESS TOBACCO > ROGUE > 3 MG,,,,4.4240,4.89,,,,,,
840045201174,ROGUE HONEY LEMON 6 MG,,,,SMOKELESS TOBACCO > ROGUE > CAN,,,,4.4240,4.89,,,,,,
840045201266,ROGUE MANGO 3MG,,,,SMOKELESS TOBACCO > ROGUE > 3 MG,,,,4.4240,4.89,,,,,,
840045200757,ROGUE WINTERGREEN 6 MG,,,,SMOKELESS TOBACCO > ROGUE > CAN,,,,4.4240,4.89,,,,,,
840045200726,ROGUE WINTERGREEN 3MG,,,,SMOKELESS TOBACCO > ROGUE > 3 MG,,,,4.4240,4.89,,,,,,
840045200818,ROGUE BERRY 6MG,,,,SMOKELESS TOBACCO > ROGUE > CAN,,,,4.4240,4.89,,,,,,
840045207657,ROGUE TABAC 6 MG,,,,SMOKELESS TOBACCO > ROGUE > CAN,,,,4.4240,4.89,,,,,,
840045200870,ROGUE SPEARMINT 6MG,,,,SMOKELESS TOBACCO > ROGUE > CAN,,,,4.4240,4.89,,,,,,
840045207084,ROGUE 2 MG PEPPERMINT 20 COUNT,,,,SMOKELESS TOBACCO > ROGUE > GUM,,,,4.6320,5.69,,,,,,
840045207237,ROGUE 4 MG WINTERGREEN 20 COUNT,,,,SMOKELESS TOBACCO > ROGUE > GUM,,,,4.6320,5.69,,,,,,
073100001376,SKOAL FC WINTERGREEN,,,,SMOKELESS TOBACCO > SKOAL > SKOAL REGULAR,,,,6.1040,6.45,,,,,,
073100001482,SKOAL LC WINTERGREEN,,,,SMOKELESS TOBACCO > SKOAL > SKOAL REGULAR,,,,6.1040,6.45,,,,,,
073100000607,SKOAL LC STRAIGHT,,,,SMOKELESS TOBACCO > SKOAL > SKOAL REGULAR,,,,6.1040,6.45,,,,,,
073100000881,SKOAL LC MINT,,,,SMOKELESS TOBACCO > SKOAL > CAN,,,,6.1040,5.95,,,,,,
073100002861,SKOAL LC CHERRY,,,,SMOKELESS TOBACCO > SKOAL > SKOAL X-TRA,,,,6.1040,5.95,,,,,,
073100001673,SKOAL X-TRA POUCH WINTERGREEN BLEND,,,,SMOKELESS TOBACCO > SKOAL > SKOAL X-TRA,,,,6.1040,5.95,,,,,,
073100001680,SKOAL X-TRA MINT BLEND,,,,SMOKELESS TOBACCO > SKOAL > SKOAL X-TRA,,,,6.1040,5.95,,,,,,
073100001703,SKOAL X-TRA LC WINTERGREEN BLEND 1.2 OZ,,,,SMOKELESS TOBACCO > SKOAL > SKOAL X-TRA,,,,6.1040,6.45,,,,,,
073100002724,SKOAL X-TRA LC MINT BLEND 1.2 OZ,,,,SMOKELESS TOBACCO > SKOAL > SKOAL X-TRA,,,,6.1040,5.95,,,,,,
073100003196,SKOAL WINTERGREEN POUCHES,,,,SMOKELESS TOBACCO > SKOAL > SKOAL REGULAR,,,,6.1040,5.95,,,,,,
073100001130,HUSKY FC NATURAL 1.2 OZ,,,,SMOKELESS TOBACCO > HUSKY > CAN,,,,2.5740,2.69,,,,,,
073100000270,HUSKY LC STRGHT CAN,,,,SMOKELESS TOBACCO > HUSKY > CAN,,,,2.5740,2.69,,,,,,
073100000263,HUSKY LC MINT CAN,,,,SMOKELESS TOBACCO > HUSKY > CAN,,,,2.5740,2.69,,,,,,
073100001154,HUSKY LC WINTERGREEN 1.2 OZ,,,,SMOKELESS TOBACCO > HUSKY > CAN,,,,2.5740,2.69,,,,,,
073100005916,SKOAL APPLE CAN,,,,SMOKELESS TOBACCO > SKOAL > SKOAL X-TRA,,,,6.1040,5.95,,,,,,
073100005893,SKOAL LC PEACH,,,,SMOKELESS TOBACCO > SKOAL > SKOAL X-TRA,,,,6.1040,5.95,,,,,,
073100004803,SKOAL LC APPLE BLEND,,,,SMOKELESS TOBACCO > SKOAL > CAN,,,,6.1040,5.95,,,,,,
073100002885,SKOAL LC SPEARMINT,,,,SMOKELESS TOBACCO > SKOAL > CAN,,,,6.1040,5.95,,,,,,
073100001338,W.B. CUT,,,,PLUG TOBACCO > PLUG/TWIST,,,,6.1467,6.45,,,,,,
073100003134,SKOAL LC BERRY BLEND,,,,SMOKELESS TOBACCO > SKOAL > SKOAL X-TRA,,,,6.1040,5.95,,,,,,
073100000904,SKOAL BANDIT MINT,,,,SMOKELESS TOBACCO > SKOAL > SKOAL BANDITS,,,,6.1040,6.59,,,,,,
073100007699,SKOAL STRAIGHT POUCH,,,,SMOKELESS TOBACCO > SKOAL > CAN,,,,6.1040,5.95,,,,,,
073100001901,SKOAL BANDIT WINTERGREEN,,,,SMOKELESS TOBACCO > SKOAL > SKOAL BANDITS,,,,6.1040,6.59,,,,,,
073100001857,RED SEAL FC WINTERGREEN,,,,SMOKELESS TOBACCO > RED SEAL > CAN,,,,4.8420,5.35,,,,,,
073100004858,SKOAL LC CITRUS BLEND 1.2 OZ,,,,SMOKELESS TOBACCO > SKOAL > CAN,,,,6.1040,5.95,,,,,,
073100004575,SKOAL MINT POUCH,,,,SMOKELESS TOBACCO > SKOAL > SKOAL REGULAR,,,,6.1040,5.95,,,,,,
073100004568,RED SEAL LC MINT,,,,SMOKELESS TOBACCO > RED SEAL > CAN,,,,4.8420,5.35,,,,,,
073100004551,RED SEAL LC NATURAL,,,,SMOKELESS TOBACCO > RED SEAL > CAN,,,,4.8420,5.35,,,,,,
073100001741,RED SEAL FC NATURAL,,,,SMOKELESS TOBACCO > RED SEAL > CAN,,,,4.8420,5.35,,,,,,
073100001734,RED SEAL LC WINTERGREEN,,,,SMOKELESS TOBACCO > RED SEAL > CAN,,,,4.8420,5.35,,,,,,
073100001970,RED SEAL LC STRAIGHT,,,,SMOKELESS TOBACCO > RED SEAL > CAN,,,,4.8420,5.35,,,,,,
073100001079,COPENHAGEN FC ORIGINAL,,,,SMOKELESS TOBACCO > COPENHAGEN > COPENHAGAN REGULAR > COPENHAGEN CAN,,,,5.9340,6.6,,,,,,
073100002649,COPENHAGEN SPITFREE GREEN MINT CAN,,,,SMOKELESS TOBACCO > COPENHAGEN > CAN,,,,5.1440,4.75,,,,,,
073100008764,COPENHAGEN LC WINTERGREEN CAN,,,,SMOKELESS TOBACCO > COPENHAGEN > COPENHAGEN WINT / MINT > COPENHAGEN CAN,,,,5.1440,5.7,,,,,,
073100003141,COPENHAGEN POUCHES,,,,SMOKELESS TOBACCO > COPENHAGEN > COPENHAGAN REGULAR > COPENHAGEN CAN,,,,5.9340,6.6,,,,,,
073100002632,COPENHAGEN BLUE MINT SPITFREE CAN,,,,SMOKELESS TOBACCO > COPENHAGEN > CAN,,,,5.1440,4.75,,,,,,
073100001215,COPENHAGEN LC CAN,,,,SMOKELESS TOBACCO > COPENHAGEN > COPENHAGAN REGULAR > COPENHAGEN CAN,,,,5.9340,6.6,,,,,,
073100000553,COPENHAGEN POUCH WINTERGREEN,,,,SMOKELESS TOBACCO > COPENHAGEN > COPENHAGEN WINT / MINT > COPENHAGEN CAN,,,,5.1440,5.7,,,,,,
073100008825,COPENHAGEN LC STRAIGHT,,,,SMOKELESS TOBACCO > COPENHAGEN > COPENHAGEN WINT / MINT > COPENHAGEN CAN,,,,5.1440,5.7,,,,,,
073100008849,COPENHAGEN EXTRA LC NATURAL,,,,SMOKELESS TOBACCO > COPENHAGEN > COPENHAGEN WINT / MINT > COPENHAGEN CAN,,,,5.1440,5.7,,,,,,
073100002830,COPENHAGEN SOUTHRN BLND LC CAN,,,,SMOKELESS TOBACCO > COPENHAGEN > COPENHAGAN SOUTHEN BLEND > COPENHAGEN SOUTHERN BLEND CAN,,,,5.9340,6.6,,,,,,
073100000362,COPENHAGEN LC MINT,,,,SMOKELESS TOBACCO > COPENHAGEN > COPENHAGEN WINT / MINT > COPENHAGEN CAN,,,,5.1440,5.7,,,,,,
073100000393,COPENHAGEN MINT POUCH,,,,SMOKELESS TOBACCO > COPENHAGEN > COPENHAGEN WINT / MINT > COPENHAGEN CAN,,,,5.1440,5.7,,,,,,
073100000218,COPENHAGEN WINTERGREEN PACKS CAN,,,,SMOKELESS TOBACCO > COPENHAGEN > COPENHAGEN WINT / MINT > COPENHAGEN CAN,,,,5.1440,5.7,,,,,,
073100000034,COPENHAGEN LG BLACK CAN,,,,SMOKELESS TOBACCO > COPENHAGEN > COPENHAGAN REGULAR > COPENHAGEN CAN,,,,5.9340,6.6,,,,,,
073100008900,SKOAL SNUS MINT TINS 15 CT,,,,SNUS > SKOAL > CAN,,,,5.4120,5.8,,,,,,
073100008924,SKOAL SNUS SMOOTH MINT TINS 15 CT,,,,SNUS > SKOAL > CAN,,,,5.4120,5.8,,,,,,
025900405519,SANTA FE FILTERED CIGARS MILD 10/20,,,,LITTLE CIGARS > SANTA FE > CIGAR PACKS,,,,1.6840,2.19,,,,,,
025900405502,SANTA FE FILTERED CIGARS ORIG 10/20,,,,LITTLE CIGARS > SANTA FE > CIGAR PACKS,,,,1.6840,2.19,,,,,,
025900205935,SWISH LIL CIGAR GRAPE 10/20,,,,LITTLE CIGARS > SWISHER > CIGAR PACKS,,,,4.6060,4.39,,,,,,
025900202712,SWISH LIL CIGAR ORIGINAL 10/20,,,,LITTLE CIGARS > SWISHER > CIGAR PACKS,,,,4.6060,4.39,,,,,,
025900202811,SWISH LIL CIGAR MILD 10/20,,,,LITTLE CIGARS > SWISHER > CIGAR PACKS,,,,4.6060,4.39,,,,,,
025900205591,SWISHER FILTER CIGARS SLIDE ORIG 10/16,,,,LITTLE CIGARS > SWISHER > CIGAR PACKS,,,,2.5270,2.89,,,,,,
025900202798,SWISH LIL CIGAR MENTHOL 10/20,,,,LITTLE CIGARS > SWISHER > CIGAR PACKS,,,,4.6060,4.39,,,,,,
025900203207,SWISH LIL CIGAR CHERRY 10/20,,,,LITTLE CIGARS > SWISHER > CIGAR PACKS,,,,4.6060,4.39,,,,,,
025900207687,BLACKSTONE FILTERED CIGARS VANILLA 10/20,,,,LITTLE CIGARS > BLACKSTONE > CIGAR PACKS,,,,1.6840,2.19,,,,,,
025900207625,BLACKSTONE FILTERED CIGARS CHERRY 10/20,,,,LITTLE CIGARS > BLACKSTONE > CIGAR PACKS,,,,1.6840,2.19,,,,,,
025900201340,KING ED FILTERED CIGARS REG 10/20,,,,LITTLE CIGARS > KIND EDWARD > CIGAR PACKS,,,,1.6840,2.19,,,,,,
025900201326,KING ED FILTERED CIGARS MENTHOL 10/20,,,,LITTLE CIGARS > KIND EDWARD > CIGAR PACKS,,,,1.6840,2.19,,,,,,
025900225209,SWISH LIL CIGAR RED BX 10/20,,,,LITTLE CIGARS > SWISHER > CIGAR PACKS,,,,4.1340,4.39,,,,,,
025900225223,SWISH LIL CIGAR MENTHOL BX 10/20,,,,LITTLE CIGARS > SWISHER > CIGAR PACKS,,,,4.1340,4.39,,,,,,
025900259051,SS LEAF IRISH CREAM 3-PK CIGARS,,,,CIGARS PACK > SWISHER > CIGAR PACKS,,,,2.3410,3.09,,,,,,
025900259006,SS LEAF ORGNL 3-PK CIGARS,,,,CIGARS PACK > SWISHER > CIGAR PACKS,,,,2.3410,3.09,,,,,,
025900259013,SS LEAF HONEY 3-PK CIGARS,,,,CIGARS PACK > SWISHER > CIGAR PACKS,,,,2.3410,3.09,,,,,,
025900259037,SS LEAF COGNAC 3-PK CIGARS,,,,CIGARS PACK > SWISHER > CIGAR PACKS,,,,2.3410,3.09,,,,,,
025900259020,SWISHER SWEETS SWEET AROMATIC 3PACK,,,,CIGARS PACK > SWISHER > CIGAR PACKS,,,,2.3410,2.29,,,,,,
025900247218,SWISHER GIANT 5-PK CIGAR,,,,CIGARS PACK > SWISHER > CIGAR PACKS,,,,4.0790,5.19,,,,,,
025900254308,SWISH BLUNT ORIGINAL B1G1,,,,CIGARS PACK > SWISHER > CIGAR PACKS,,,,6.7180,5.89,,,,,,
025900247164,SWISH PERFECTO 5 PK,,,,CIGARS PACK > SWISHER > CIGAR PACKS,,,,4.0200,5.19,,,,,,
025900226749,SWISH CIGARILLOS SWTB1G1F 10/10,,,,CIGARS PACK > SWISHER > CIGAR PACKS,,,,4.9540,4.4,,,,,,
025900247003,SWISH SWT CIGARILLO ORIG PK,,,,CIGARS PACK > SWISHER > CIGAR PACKS,,,,2.7080,3.59,,,,,,
025900247010,SWISH SWT CIGARILLO GRAPE 5 PK,,,,CIGARS PACK > SWISHER > CIGAR PACKS,,,,2.7080,3.59,,,,,,
025900237288,SWISH CIGARILLOS DIAMONDS 5 PACK,,,,CIGARS PACK > SWISHER > CIGAR PACKS,,,,2.7080,3.59,,,,,,
025900247010,SWISH SWT CIGARILLO GRAPE 5 PK,,,,CIGARS PACK > SWISHER > CIGAR PACKS,,,,2.0165,3.59,,,,,,
025900207465,SWISH CIGARILLOS ORIG NP 2PK,,,,CIGARS SINGLES > SWISHER > SINGLE,,,,1.1063,1.45,,,,,,
025900203337,BLACKSTONE TIP CIGARILLO VANILLA 10/10,,,,CIGARS PACK > BLACKSTONE > CIGAR PACKS,,,,5.9910,7.59,,,,,,
025900227708,SWISH CIGARILO COASTAL COCKTAIL SAVON2,,,,CIGARS SINGLES > New Swisher,,,,.8067,1.29,,,,,,
025900203436,BLACKSTONE TIP CIGARILLO CHERRY 10/10,,,,CIGARS PACK > BLACKSTONE > CIGAR PACKS,,,,5.9910,7.59,,,,,,
025900207502,SWISH CIGARILLO GREEN SWEET SAVON2,,,,CIGARS SINGLES > New Swisher,,,,1.1063,1.29,,,,,,
025900207496,SWISH CIGARILLO TROP FUSION SAVON2,,,,CIGARS SINGLES > New Swisher,,,,1.1063,1.39,,,,,,
025900206048,SWISH CIGARILLOS SWEET B1G1F,,,,CIGARS PACK > SWISHER > CIGAR PACKS,,,,5.6690,5.49,,,,,,
025900247171,SWISH SLIMS 5 PACK,,,,CIGARS PACK > SWISHER > CIGAR PACKS,,,,3.9600,4.99,,,,,,
025900247157,SWISH WOOD TIPS 5 PACK,,,,CIGARS PACK > SWISHER > CIGAR PACKS,,,,4.0200,4.99,,,,,,
025900220921,SWISH MINI CIGARILL ISLAN,,,,CIGARS SINGLES > SWISHER > PROMO SINGLE,,,,1.4180,1.49,,,,,,
025900207601,SWISH CIGARILLO MANGO LEMONADE SAVON2,,,,CIGARS SINGLES > New Swisher,,,,1.1063,1.39,,,,,,
025900207427,SWISH CIGARILLO HONEY BANANA SAVON2,,,,CIGARS SINGLES > New Swisher,,,,1.1063,1.39,,,,,,
025900237653,SWISH CIGARILLO MAUI PINEAPPLE SAVON2,,,,CIGARS SINGLES > New Swisher,,,,1.1063,1.39,,,,,,
025900209728,SWISH CIGARILLO SILVER SAVON2,,,,CIGARS SINGLES > New Swisher,,,,1.1063,1.39,,,,,,
025900275877,POM POM RED $-1.19,,,,CIGARS SINGLES > POM POM > SINGLE $-1.19,,,,1.1873,1.19,,,,,,
025900207489,SWISH CIGARILLO GRAPE SAVON2,,,,CIGARS SINGLES > New Swisher,,,,1.1063,1.39,,,,,,
025900226930,SWISH CIGARILLO BANANA SMASH SAVON2,,,,CIGARS SINGLES > New Swisher,,,,1.1063,1.39,,,,,,
025900207472,SWISH CIGARILLO BLUEBERRY SAVON2,,,,CIGARS SINGLES > New Swisher,,,,1.1063,1.29,,,,,,
025900228859,SWISH CIGARILLO PEACH SAVON2,,,,CIGARS SINGLES > New Swisher,,,,1.1063,1.39,,,,,,
025900228842,SWISH CIGARILLO WHITE GRAPE SAVON2,,,,CIGARS SINGLES > New Swisher,,,,1.1063,1.29,,,,,,
025900228835,SWISH CIGARILLO BLACK SAVON2,,,,CIGARS SINGLES > New Swisher,,,,1.1063,1.39,,,,,,
025900228866,SWISH CIGARILLO STRAWBERRY SAVON2,,,,CIGARS SINGLES > New Swisher,,,,1.1063,1.39,,,,,,
025900253394,SWISH CIGARILLO WILD RUSH SAVON2,,,,CIGARS SINGLES > New Swisher,,,,1.1063,1.39,,,,,,
025900220792,SWISH MINI CIGARILLO DIAMONDS,,,,CIGARS SINGLES > SWISHER > PROMO SINGLE,,,,1.4180,1.79,,,,,,
025900220860,SWISH MINI CIGARILLO 3F2 BBRY,,,,CIGARS SINGLES > SWISHER > PROMO SINGLE,,,,1.4180,1.79,,,,,,
025900220815,SWISH MINI CIGARILLO 3PK GRP,,,,CIGARS SINGLES > SWISHER > PROMO SINGLE,,,,1.4180,1.79,,,,,,
025900220808,SWISH MINI CIGARILLO 3F2 SWT,,,,CIGARS SINGLES > SWISHER > PROMO SINGLE,,,,1.4180,1.49,,,,,,
025900220907,SWISH MINI CIGARILLO STIC,,,,CIGARS SINGLES > SWISHER,,,,1.4180,2.19,,,,,,
025900201166,SWISHER SWEETS MINI MANGO PASSION FRUIT,,,,CIGARS SINGLES > New Swisher > SWISHER MINI,,,,1.4180,1.79,,,,,,
025900221188,SWISHER SWEETS MINI MANGO LEMONADE,,,,CIGARS SINGLES > New Swisher > SWISHER MINI,,,,1.4180,1.79,,,,,,
025900221089,SWISHER SWEETS LEGEND ORIGINAL,,,,CIGARS SINGLES > New Swisher,,,,1.0560,1.39,,,,,,
025900205355,SWISH CIGARILLO DIAMONDS SAVON2,,,,CIGARS SINGLES > New Swisher,,,,1.1063,1.39,,,,,,
025900221096,SS LEGEND DIAMONDS,,,,CIGARS SINGLES > New Swisher,,,,1.2240,1.39,,,,,,
025900226732,SWISH CIGARILLO CREAM SAVON2,,,,CIGARS SINGLES > New Swisher,,,,1.1063,1.29,,,,,,
025900226862,SWISH CIGARILLOS CREAM 0.99,,,,CIGARS SINGLES > SWISHER > SINGLE,,,,.6917,0.99,,,,,,
025900220778,SWISHER SWEETS MINI GREEN,,,,CIGARS SINGLES > New Swisher > SWISHER MINI,,,,1.4180,1.79,,,,,,
025900207137,SWISH CIGARILLO SUMMER TWIST,,,,CIGARS SINGLES > SWISHER > SINGLE,,,,.8067,1.29,,,,,,
025900247140,SS TIP CIGARILLOS 5-PK,,,,CIGARS PACK > SWISHER > CIGAR PACKS,,,,2.8240,3.59,,,,,,
025900229887,SWISH CIGARILLO CREAM 2/1.19,,,,CIGARS SINGLES > New Swisher,,,,.8297,1.19,,,,,,
025900227333,SWISH CIGARILLO ORIG 2/1.19,,,,CIGARS SINGLES > New Swisher,,,,.8297,1.19,,,,,,
025900227340,SWISH CIGARILLO GRAPE 2/1.19,,,,CIGARS SINGLES > New Swisher,,,,.8297,1.19,,,,,,
025900227357,SWISH CIGARILLO BLUEBERRY 2/1.19,,,,CIGARS SINGLES > New Swisher,,,,.8297,1.19,,,,,,
025900227425,SWISH CIGARILLO GREEN 2/1.19,,,,CIGARS SINGLES > New Swisher,,,,.8297,1.19,,,,,,
025900229832,SWISH CIGARILLO DIAMOND 2/1.19,,,,CIGARS SINGLES > New Swisher,,,,.8297,1.19,,,,,,
025900227272,SWISH CIGARILLO GRAPE 2/.,,,,CIGARS SINGLES > SWISHER > SINGLE,,,,.6917,0.99,,,,,,
025900227296,SWISH CIGARILLO BLUEBERRY,,,,CIGARS SINGLES > SWISHER > SINGLE,,,,.6917,0.99,,,,,,
025900204259,SWISH CIGARILLO STRAWBERR,,,,CIGARS SINGLES > SWISHER > SINGLE,,,,.6917,0.99,,,,,,
025900227401,SWISH BLK TIP CIGARILLO C,,,,CIGARS SINGLES > SWISHER > SINGLE,,,,.6920,0.99,,,,,,
025900227418,SWISH BLK TIP CIGARILLO S,,,,CIGARS SINGLES > SWISHER > SINGLE,,,,.6920,0.99,,,,,,
025900236502,**SWISH BLK TIP CIGARILLO SMOOTH 2/1.29,,,,CIGARS SINGLES > New Swisher,,,,.8987,1.29,,,,,,
025900235499,SWISH BLK TIP CIGARILLO B,,,,LITTLE CIGARS > SWISHER,,,,1.1527,1.39,,,,,,
025900235475,SWISH BLK TIP CIGARILLO G,,,,LITTLE CIGARS > SWISHER,,,,1.1527,1.19,,,,,,
025900227449,SWISH BLK TIP CIGARILLO CHERRY,,,,CIGARS SINGLES > SWISHER > SINGLE,,,,1.1527,1.39,,,,,,
025900227432,SWISH BLK TIP CIGARILLO S,,,,CIGARS SINGLES > SWISHER > SINGLE,,,,1.1527,1.19,,,,,,
025900237684,SWISHER BLK TIP CIGARILLOS WINE,,,,CIGARS SINGLES > SWISHER > SINGLE,,,,1.1527,1.39,,,,,,
028200178671,MARLBORO MEN 50 OFF,,,,CIGARETTES > PM > MARLBORO > CIG PACKS,,,,7.8230,8.5,,,,,,
028200009494,MARLBORO ICE 85,,,,CIGARETTES > PM > MARLBORO MENTHOL > CIG PACKS,,,,8.3230,8.85,,,,,,
028200330628,MARLBORO SMOTH ICE,,,,CIGARETTES > PM > MARLBORO MENTHOL > CIG PACKS,,,,8.3230,8.85,,,,,,
028200324320,MARLBORO M SLATE 100 BX,,,,CIGARETTES > PM > MARLBORO BLACK MENTHOL > CIG PACKS,,,,7.5230,8.17,,,,,,
028200324221,MARLBORO M SLATE 85 BX,,,,CIGARETTES > PM > MARLBORO BLACK MENTHOL > CIG PACKS,,,,7.5230,8.17,,,,,,
028200006134,MARLBORO MIDNIGHT M 85 BX,,,,CIGARETTES > PM > MARLBORO BLACK MENTHOL > CIG PACKS,,,,7.5230,8.17,,,,,,
028200331328,MARLBORO BOLD ICE 85,,,,CIGARETTES > PM > MARLBORO MENTHOL > CIG PACKS,,,,8.3230,8.85,,,,,,
028200002648,MARLBORO BLEND 27 85 BX FSC,,,,CIGARETTES > PM > MARLBORO > CIG PACKS,,,,7.9730,8.5,,,,,,
028200179319,MARLBORO BLACK GOLD 85 BX $-1 OFF,,,,CIGARETTES > PM > MARLBORO BLACK > CIG PROMO $1 OFF PK,,,,6.5230,6.22,,,,,,
028200318527,MARLBORO EIGHT THREES BX PK,,,,CIGARETTES > PM > MARLBORO > CIG PACKS,,,,7.9730,8.5,,,,,,
028200179166,MARLBORO ICE 85 BX .50 OFF,,,,CIGARETTES > PM > MARLBORO MENTHOL > CIG PROMO $.50 OFF PK,,,,7.8230,6.53,,,,,,
028200003768,MARLBORO M 85 BX BLUE (MLD) FSC,,,,CIGARETTES > PM > MARLBORO MENTHOL > CIG PACKS,,,,8.3230,8.85,,,,,,
028200009623,MARLBORO M 72 BX GREEN FSC,,,,CIGARETTES > PM > MARLBORO72'S > 72's MENTHOL,,,,8.3230,9.05,,,,,,
028200003232,MARLBORO SMOOTH M 85 BX FSC,,,,CIGARETTES > PM > MARLBORO MENTHOL > CIG PACKS,,,,8.3230,8.85,,,,,,
028200009630,MARLBORO 72 BX (FF) FSC,,,,CIGARETTES > PM > MARLBORO72'S > CIG PACKS,,,,7.9730,8.8,,,,,,
028200009654,MARLBORO 72 BX GOLD (LT) FSC,,,,CIGARETTES > PM > MARLBORO72'S > CIG PACKS,,,,7.9730,8.8,,,,,,
028200317728,MARLBORO NXT 85 BX,,,,CIGARETTES > PM > MARLBORO BLACK MENTHOL > CIG PACKS,,,,7.5230,8.17,,,,,,
028200003867,MARLBORO 72 BX SILVER (ULT) FSC,,,,CIGARETTES > PM > MARLBORO72'S > CIG PACKS,,,,7.9730,8.8,,,,,,
028200004222,MARLBORO SPECIAL BLEND GOLD 85 BX,,,,CIGARETTES > PM > MARLBOROSPECIAL SELECT > CIG PACKS,,,,7.9730,8.5,,,,,,
028200005656,MARLBORO SPECIAL BLEND RED 85 BX,,,,CIGARETTES > PM > MARLBOROSPECIAL SELECT > CIG PACKS,,,,7.9730,8.5,,,,,,
028200008879,MARLBORO BLACK GOLD 85 BX,,,,CIGARETTES > PM > MARLBORO BLACK > CIG PACKS,,,,7.5230,8.17,,,,,,
028200009548,MARLBORO SP BL MENTHOL BLK 85 BX,,,,CIGARETTES > PM > MARLBORO BLACK MENTHOL > CIG PACKS,,,,7.5230,8.17,,,,,,
028200009524,MARLBORO SPECIAL BLEND BLACK 85 BX,,,,CIGARETTES > PM > MARLBORO BLACK > CIG PACKS,,,,7.5230,8.17,,,,,,
028200004819,MARLBORO M 85 BX SILVER,,,,CIGARETTES > PM > MARLBORO MENTHOL > CIG PACKS,,,,8.3230,8.85,,,,,,
028200003577,MARLBORO 85 BX FSC,,,,CIGARETTES > PM > MARLBORO > CIG PACKS,,,,7.9730,8.5,,,,,,
028200003683,MARLBORO RED LABEL 85 BX PK,,,,CIGARETTES > PM > MARLBORO > CIG PACKS,,,,7.9730,8.5,,,,,,
028200003843,MARLBORO 85 BX GOLD (LT) FSC,,,,CIGARETTES > PM > MARLBORO > CIG PACKS,,,,7.9730,8.5,,,,,,
028200004772,MARLBORO 85 BX SILVER (ULT) FSC,,,,CIGARETTES > PM > MARLBORO > CIG PACKS,,,,7.9730,8.5,,,,,,
028200003614,MARLBORO MENTHOL 85 BX PK,,,,CIGARETTES > PM > MARLBORO MENTHOL > CIG PACKS,,,,8.3230,8.85,,,,,,
028200004017,MARLBORO M 85 BX GOLD (LT) FSC,,,,CIGARETTES > PM > MARLBORO MENTHOL > CIG PACKS,,,,8.3230,8.85,,,,,,
028200003584,MARLBORO 85 FSC,,,,CIGARETTES > PM > MARLBORO > CIG PACKS,,,,7.9730,8.5,,,,,,
028200332424,MARLBORO GOLD LABEL 85 BX,,,,CIGARETTES > PM > MARLBORO GOLD LABEL > CIG PACKS,,,,7.9730,8.17,,,,,,
028200004246,MARLBORO SOUTHERN CUT 8 5,,,,CIGARETTES > PM > MARLBORO > CIG PACKS,,,,7.9730,8.5,,,,,,
028200301727,MERIT 85 BX BLUE (ULT),,,,CIGARETTES > PM > PMP > CIG PACKS,,,,10.6740,11.09,,,,,,
028200007926,PARLIAMENT 85 BX BLUE (FF) FSC,,,,CIGARETTES > PM > PARLIAMENT > CIG PACKS,,,,9.4580,8.05,,,,,,
028200007841,PARLIAMENT 85 BX WHITE (LT) FSC,,,,CIGARETTES > PM > PARLIAMENT > CIG PACKS,,,,9.4580,8.05,,,,,,
028200009357,MARLBORO M 72 BX MEN,,,,CIGARETTES > PM > MARLBORO72'S > 72's MENTHOL,,,,8.3230,9.05,,,,,,
028200007223,B&H 100 BX FSC,,,,CIGARETTES > PM > PMP > CIG PACKS,,,,10.6740,11.09,,,,,,
028200174772,MARLBORO SPBL BLK 100 BX .50 OF,,,,CIGARETTES > PM > MARLBORO > CIG PROMO $.50 OFF PK,,,,7.0230,7,,,,,,
028200174796,MARLBORO SP BL M BLK 100s .50 OFF,,,,CIGARETTES > PM > MARLBORO > CIG PROMO $.50 OFF PK,,,,7.0230,7,,,,,,
028200009487,MARLBORO BLEND 27 100 BX,,,,CIGARETTES > PM > MARLBORO > CIG PACKS,,,,7.9730,8.5,,,,,,
028200179326,MARLBORO BLACK GOLD 100 BX $-1 OFF,,,,CIGARETTES > PM > MARLBORO BLACK > CIG PROMO $1 OFF PK,,,,6.5230,6.22,,,,,,
028200007292,B&H 100 BX DELUXE (ULT) FSC,,,,CIGARETTES > PM > PMP > CIG PACKS,,,,10.6740,11.09,,,,,,
028200003775,MARLBORO M 100 BX BLUE (MLD) FSC,,,,CIGARETTES > PM > MARLBORO MENTHOL > CIG PACKS,,,,8.3230,8.85,,,,,,
028200001672,MARLBORO BLACK GOLD 100 BX,,,,CIGARETTES > PM > MARLBORO BLACK > CIG PACKS,,,,7.5230,8.17,,,,,,
028200004239,MARLBORO SPECIAL BLEND GOLD 100 BX,,,,CIGARETTES > PM > MARLBOROSPECIAL SELECT > CIG PACKS,,,,7.9730,8.5,,,,,,
028200005687,MARLBORO SPECIAL BLEND RED 100 BX,,,,CIGARETTES > PM > MARLBOROSPECIAL SELECT > CIG PACKS,,,,7.9730,8.5,,,,,,
028200009647,MARLBORO SP BL MEN BLK 100s PK,,,,CIGARETTES > PM > MARLBORO BLACK MENTHOL > CIG PACKS,,,,7.5230,8.17,,,,,,
028200009531,MARLBORO SPECIAL BLEND BLACK 100 BX,,,,CIGARETTES > PM > MARLBORO BLACK > CIG PACKS,,,,7.5230,8.17,,,,,,
028200004857,MARLBORO M 100 BX SILVER,,,,CIGARETTES > PM > MARLBORO MENTHOL > CIG PACKS,,,,8.3230,8.85,,,,,,
028200004789,MARLBORO 100 BX SILVER (ULT) FSC,,,,CIGARETTES > PM > MARLBORO > CIG PACKS,,,,7.9730,8.5,,,,,,
028200003645,MARLBORO MENTHOL 100 BX PK,,,,CIGARETTES > PM > MARLBORO MENTHOL > CIG PACKS,,,,8.3230,8.85,,,,,,
028200003690,MARLBORO RED LABEL 100 BX PK,,,,CIGARETTES > PM > MARLBORO > CIG PACKS,,,,7.9730,8.5,,,,,,
028200003638,MARLBORO 100 BX FSC,,,,CIGARETTES > PM > MARLBORO > CIG PACKS,,,,7.9730,8.5,,,,,,
028200004376,MARLBORO 100 GOLD (LT) FSC,,,,CIGARETTES > PM > MARLBORO > CIG PACKS,,,,7.9730,8.5,,,,,,
028200004710,MARLBORO MENTHOL 100 BX GOLD,,,,CIGARETTES > PM > MARLBORO MENTHOL > CIG PACKS,,,,8.3230,8.85,,,,,,
028200004659,MARLBORO 100 BX GOLD (LT) FSC,,,,CIGARETTES > PM > MARLBORO > CIG PACKS,,,,7.9730,8.5,,,,,,
028200332523,MARLBORO GOLD LABEL 100 BX,,,,CIGARETTES > PM > MARLBORO GOLD LABEL > CIG PACKS,,,,7.5230,8.17,,,,,,
028200003034,MARLBORO SMOOTH M 100 BX FSC,,,,CIGARETTES > PM > MARLBORO MENTHOL > CIG PACKS,,,,8.3230,8.85,,,,,,
028200301420,MERIT 100 BX BLUE (ULT),,,,CIGARETTES > PM > PMP > CIG PACKS,,,,10.6740,11.09,,,,,,
028200007919,PARLIAMENT 100 RCBX WHITE (LT) FSC,,,,CIGARETTES > PM > PARLIAMENT > CIG PACKS,,,,9.4580,8.05,,,,,,
028200007759,VIRGINIA SLIMS PP SS 100 BOX FSC,,,,CIGARETTES > PM > VIRGINIA SLIMS > CIG PACKS,,,,9.4580,9.89,,,,,,
028200009821,VIRGINIA SLIMS PP SS 100 BX GOLD (LT),,,,CIGARETTES > PM > VIRGINIA SLIMS > CIG PACKS,,,,9.4580,9.89,,,,,,
028200007780,VIRGINIA SLIMS PP SSLM M 100 BX FSC,,,,CIGARETTES > PM > VIRGINIA SLIMS > CIG PACKS,,,,9.4580,9.89,,,,,,
028200007742,VIRGINIA SLIMS M 100 BX (FF) FSC,,,,CIGARETTES > PM > VIRGINIA SLIMS > CIG PACKS,,,,9.4580,9.89,,,,,,
028200007728,VIRGINIA SLIMS 100 BX (FF) FSC,,,,CIGARETTES > PM > VIRGINIA SLIMS > CIG PACKS,,,,9.4580,9.89,,,,,,
028200007445,VIRGINIA SLIMS M 100 BX SILVER (ULT) FSC,,,,CIGARETTES > PM > VIRGINIA SLIMS > CIG PACKS,,,,9.4580,9.89,,,,,,
028200007438,VIRGINIA SLIMS 100 BX SILVER (ULT) FSC,,,,CIGARETTES > PM > VIRGINIA SLIMS > CIG PACKS,,,,9.4580,9.89,,,,,,
028200007339,VIRGINIA SLIMS 100 BX GOLD (LT) FSC,,,,CIGARETTES > PM > VIRGINIA SLIMS > CIG PACKS,,,,9.4580,9.89,,,,,,
028200007346,VIRGINIA SLIMS M 100 BX GOLD (LT) FSC,,,,CIGARETTES > PM > VIRGINIA SLIMS > CIG PACKS,,,,9.4580,9.89,,,,,,
028200007353,VIRGINIA SLIMS 120 BX GOLD (LT) FSC,,,,CIGARETTES > PM > VIRGINIA SLIMS > CIG PACKS,,,,9.4580,9.89,,,,,,
028200009586,VIRGINIA SLIMS 120 BX SILVER (ULT) FSC,,,,CIGARETTES > PM > VIRGINIA SLIMS > CIG PACKS,,,,9.4580,9.89,,,,,,
028200007391,VIRGINIA SLIMS M 120 BX GOLD (LT) FSC,,,,CIGARETTES > PM > VIRGINIA SLIMS > CIG PACKS,,,,9.4580,9.89,,,,,,
028200009593,VIRGINIA SLIMS M 120 BX SILVER (ULT) FSC,,,,CIGARETTES > PM > VIRGINIA SLIMS > CIG PACKS,,,,9.4580,9.89,,,,,,
028200309822,L&M 85 BX (FF) FSC,,,,CIGARETTES > PM > L&M > CIG PACKS,,,,7.7970,8.15,,,,,,
028200309921,L&M 100 BX (FF) FSC,,,,CIGARETTES > PM > L&M > CIG PACKS,,,,7.7970,8.15,,,,,,
028200310026,L&M 85 BX BLUE (LT) FSC,,,,CIGARETTES > PM > L&M > CIG PACKS,,,,7.7970,8.15,,,,,,
028200310224,L&M 100 BX BLUE (LT) FSC,,,,CIGARETTES > PM > L&M > CIG PACKS,,,,7.7970,8.15,,,,,,
028200310323,L&M M 85 BX (FF) FSC,,,,CIGARETTES > PM > L&M > CIG PACKS,,,,7.7970,8.15,,,,,,
028200310422,L&M M 100 BX (FF) FSC,,,,CIGARETTES > PM > L&M > CIG PACKS,,,,7.7970,8.15,,,,,,
028200313928,L&M TURKISH BLEND 85 BX,,,,CIGARETTES > PM > L&M > CIG PACKS,,,,7.7970,8.15,,,,,,
028200314024,L&M TURKISH BLEND 100 BX,,,,CIGARETTES > PM > L&M > CIG PACKS,,,,7.7970,8.15,,,,,,
070847811244,MONSTER E DRINK GREEN SCR,,,,SOFT DRINKS > MONSTER > 16.OZ,,,,2.8750,4.79,,,,,,
073800004417,FAYGO BLACK CHERRY 20.OZ,,,,SOFT DRINKS > FAYGO > 20 OZ,,,,.8025,1.19,,,,,,
073800001393,FAYGO FRUIT PUNCH 20 OZ,,,,SOFT DRINKS > FAYGO > 20 OZ,,,,.8025,1.19,,,,,,
073800002925,FAYGO COLA 20 OZ,,,,SOFT DRINKS > FAYGO > 20 OZ,,,,.8025,1.19,,,,,,
073800003083,FAYGO GRAPE 20 OZ,,,,SOFT DRINKS > FAYGO > 20 OZ,,,,.8025,1.19,,,,,,
073800002963,FAYGO STRAWBERRY 20 OZ,,,,SOFT DRINKS > FAYGO > 20 OZ,,,,.8025,1.19,,,,,,
073800002956,FAYGO ORANGE 20 OZ,,,,SOFT DRINKS > FAYGO > 20 OZ,,,,.8025,1.19,,,,,,
073800002987,FAYGO ROOT BEER 20 OZ,,,,SOFT DRINKS > FAYGO > 20 OZ,,,,.8025,1.19,,,,,,
073800003106,FAYGO PEACH 20 OZ,,,,SOFT DRINKS > FAYGO > 20 OZ,,,,.8025,1.19,,,,,,
073800002949,FAYGO MOON MIST 20 OZ,,,,SOFT DRINKS > FAYGO > 20 OZ,,,,.8025,1.19,,,,,,
073800000808,FAYGO ROOTBEER 12 OZ,,,,SOFT DRINKS > FAYGO > 12 OZ,,,,.4188,0.75,,,,,,
073800000785,"""FAYGO STRAWBRY """"RED POP"""" 12 OZ""",,,,SOFT DRINKS > FAYGO > 12 OZ,,,,.4188,0.75,,,,,,
073800000921,FAYGO PEACH 12 OZ,,,,SOFT DRINKS > FAYGO > 12 OZ,,,,.4188,0.75,,,,,,
